group,name,syllable,heading_mean,heading_std,heading_min,heading_max,angular_velocity_mean,angular_velocity_std,angular_velocity_min,angular_velocity_max,velocity_px_s_mean,velocity_px_s_std,velocity_px_s_min,velocity_px_s_max,frequency,duration
WT,532608_LDLC_snapshot-1000,0,-0.0741191238916336,1.8592147526356313,-3.141245243936788,3.1410364618857805,0.040641382981785386,11.472686624145615,-188.2691712137208,188.1657331682449,55.27900934341171,49.2095317964987,0.3325528215749765,417.44349642991955,0.1282051282051282,0.36496350364963503
WT,532608_LDLC_snapshot-1000,1,-0.14958691826244602,1.6714379738805483,-3.141492210603865,3.1411050547216197,0.10307506663112573,7.744092926399124,-188.15540757484385,188.0534043348919,52.31918417916567,45.913701885826605,0.6036507551843964,330.41065508037167,0.13438143365150665,0.3846796657381616
WT,532608_LDLC_snapshot-1000,2,0.17509154038666777,1.7811193307876427,-3.140455595961961,3.1404886141702164,0.051568172160701496,7.673047800186666,-188.16393432880807,188.26550461031334,35.760056497945556,41.301929130880424,0.113727009609503,362.04875246687413,0.11529103499906419,0.5524350649350649
WT,532608_LDLC_snapshot-1000,3,-0.02830596340569839,1.8076367459710942,-3.1395934845779823,3.139742204933714,-0.15548210439341775,7.04949420819844,-188.22987389341145,188.21330950128205,162.9700919889236,89.51507470693176,1.7139731793949304,454.5848997738406,0.04753883586000374,0.5610236220472441
WT,532608_LDLC_snapshot-1000,4,-0.20148580676074035,1.7818721793168875,-3.1412908921843927,3.1339923809133126,-0.07064330786973888,13.504125572715536,-4.1202175786507125,188.01357082966342,49.93198623268989,32.45729852130174,0.4606580685952818,239.32083359058856,0.05221785513756317,0.41600955794504185
WT,532608_LDLC_snapshot-1000,5,-0.33299363015650607,1.5612403254653369,-3.1409424982222647,3.1414613863281406,0.26881126983475295,13.393335807470232,-187.97991733705797,4.957753459884198,55.73194349912958,39.42431595219472,0.530809362620192,312.540864738589,0.08122777465843159,0.4663594470046083
WT,532608_LDLC_snapshot-1000,6,-0.008727390457960487,1.571454092868339,-3.1408111049118306,3.1408624161228333,0.011186412802699074,6.345900472635581,-188.47415554052566,188.48236319971215,22.257848122536522,22.649810177601935,0.2923500229703364,474.56057754123026,0.07430282612764365,1.108144416456759
WT,532608_LDLC_snapshot-1000,7,0.38782740002969573,1.6797543927457248,-3.137676673245826,3.139437085635614,-0.050085490155433794,12.211122622155738,-187.95048863348447,187.88687212232378,112.7350084230725,76.53213216250931,1.2188415061580948,435.30951204360883,0.048474639715515626,0.3658944658944659
WT,532608_LDLC_snapshot-1000,8,-0.06339040324137056,1.9567866072334348,-3.1408854894926956,3.1343825440156463,-0.33825738752390266,11.618817355610428,-188.31212947255997,188.18574674042512,107.00069804591952,71.06051003097352,1.1478831629269992,397.23972536136597,0.03967808347370391,0.4128930817610063
WT,532608_LDLC_snapshot-1000,9,-0.9187967309677922,1.389738611145794,-3.1391592057838347,3.140211940663461,-0.16675473041928388,9.254957131615468,-187.59308379918477,187.53973967326172,48.214748737943,40.172692586886555,0.5826763199806991,367.0531528773333,0.029197080291970802,0.5282051282051282
WT,532608_LDLC_snapshot-1000,10,0.35468866389256254,1.5424075096752086,-3.14013858936866,3.1408814642973986,-0.11769461418344634,10.719890621371604,-188.24075753324354,3.319887960975839,35.549794075859594,28.30486447644391,0.05759735119149032,316.8446936168769,0.04753883586000374,0.8464566929133858
WT,532608_LDLC_snapshot-1000,11,0.2280502235686697,1.698728835542574,-3.1315195615690543,3.1411529299342402,-0.19199300106936157,7.128820295079795,-188.10192501363397,187.90006712435348,59.047610713436484,56.611992083692456,1.000084365011062,362.83145428668087,0.026389668725435148,0.6607565011820331
WT,532608_LDLC_snapshot-1000,12,-0.37817280236321615,1.743269377670652,-3.1408802050124183,3.1407276944491875,0.051482609786064885,10.988974773558011,-4.298463029236852,188.07216254968498,34.44378883516569,25.138156424470658,0.4184589678454863,251.00855496805957,0.02564102564102564,0.7138686131386861
WT,532608_LDLC_snapshot-1000,13,-0.12578672556201645,2.155413102407559,-3.130569438476611,2.8678389604082346,0.22661043905278222,0.7666159169918022,-1.2784509067380068,2.3243556145512434,79.89675681184998,73.41534681035291,2.2720342335894137,316.1809217995381,0.003368893879842785,0.41111111111111115
WT,532608_LDLC_snapshot-1000,14,-0.7543920749409078,2.0494173614468187,-3.115617536467683,2.57336495026697,-0.517999445523097,1.5300401280857892,-3.266286358031394,1.5252862797367917,34.829370463900545,21.169596448216858,11.006593494279477,103.85767996592202,0.0009358038555118847,0.24666666666666667
WT,532608_LDLC_snapshot-1000,15,-0.5851878737330355,1.721980547805958,-3.1408621820818734,3.1385500742787986,-0.008774513078630112,10.861640145637054,-188.01454580246389,187.98778870680928,30.39917543154873,24.469735644623842,0.0,675.0639201185838,0.019839041736851956,0.7534591194968553
WT,532608_LDLC_snapshot-1000,16,-0.11822065611189018,1.9894156177706404,-3.1412784101763056,3.1414968679314095,0.1150300650306495,14.254997282027258,-188.40245959108637,188.41646747805027,79.17971548538173,59.138789981366735,0.7101700941457575,387.44966223465246,0.02826127643645892,2.188962472406181
WT,532608_LDLC_snapshot-1000,17,0.2063093546405292,1.7327307908627696,-3.141407566998611,3.1390896174385734,-0.08222762306818575,10.085939289107001,-188.2701549581688,188.06141722897246,86.72394898167073,66.23896553669937,0.6135442359516537,459.9800115877789,0.02264645330338761,1.9115702479338843
WT,532608_LDLC_snapshot-1000,18,0.6148849271553801,0.8381821717100184,-2.0108933176665595,2.0472635071009844,-0.26351805726174204,0.6892558354311051,-3.0874610769285207,2.1076268730768923,161.443980587839,77.04904474105393,6.960071511098597,349.2061445170945,0.0037432154220475387,0.7583333333333333
WT,532608_LDLC_snapshot-1000,19,-0.5636991613901745,1.8210261310174332,-3.1400578441427087,3.140920342383163,-0.05626352402301992,9.667647416877378,-188.45737687216948,188.30629292394013,81.49772462229637,65.07338885833545,1.0381020776439058,347.13848257893966,0.01590866554370204,1.9266666666666665
WT,532608_LDLC_snapshot-1000,20,-0.45606157257469415,1.5377783582402464,-3.13250547408697,3.1400860767565626,0.014546078046169596,8.062063201823074,-188.32036504073446,188.3268190143602,23.605872701083715,16.233237511330938,0.2052589817846587,260.65536492116183,0.00917087778401647,2.2183673469387757
WT,532608_LRDLC_snapshot-1000,0,0.09039202030252713,1.9030270131655538,-3.1398828900781117,3.1413158160446812,0.19992748146726783,12.288303730859196,-188.3061374722239,188.25671493290125,69.36560266271199,60.148040934679706,0.10274844389346278,428.36161295249593,0.13561924257932445,0.4110691823899371
WT,532608_LRDLC_snapshot-1000,1,-0.2339476421171306,1.8393238974008863,-3.1414477831838976,3.1412321798857312,-0.15056774793813574,11.692900483493199,-188.0942072163554,188.2681942297047,54.963314575924095,45.89074632569483,0.19768058652876774,347.16741584806545,0.11600136472193791,0.5434313725490196
WT,532608_LRDLC_snapshot-1000,2,0.008321280956938857,1.9408264742090942,-3.1414375004535007,3.1410814080060936,-0.07902184428165142,9.904271476861604,-188.42129870086822,188.41266281300167,37.928474173725526,40.08038850744005,0.33107189417294725,362.1659935741632,0.10593654042988741,0.5812667740203972
WT,532608_LRDLC_snapshot-1000,3,-0.18312856285744059,1.8595338063234175,-3.141518858467842,3.1407773700715267,0.026093449201159944,12.817487323439986,-188.18315357614858,188.22588799291088,159.8786199586524,79.99469877982976,0.7694145134709138,480.0826334839814,0.08051859433640396,0.5917372881355932
WT,532608_LRDLC_snapshot-1000,4,-0.3055757239703107,1.8052654859685053,-3.138762893287477,3.135936861351071,-0.09944623430318104,16.037888935038655,-7.52981651939992,187.79183753591056,61.32013639704219,43.7729852522604,1.397568603674544,339.86561092957055,0.061583077447969974,0.34007386888273317
WT,532608_LRDLC_snapshot-1000,5,0.00963813291477705,1.664421998211611,-3.141104552475833,3.13659060559588,0.7378321868433884,12.949655357878077,-187.63440278499434,186.09099234540597,65.31936744347169,44.15282029695649,1.7130834930778662,328.3549048211031,0.06397134083930399,0.3552
WT,532608_LRDLC_snapshot-1000,6,-0.13881583364674793,2.082736414075968,-3.1414302630801223,3.1408991101183816,-0.020467234997841813,7.539718546194236,-188.4268823066528,188.44784686245936,23.268701940549317,19.368965577324737,0.07444631003377358,240.66424318975382,0.05271238485158649,1.0078748651564184
WT,532608_LRDLC_snapshot-1000,7,-0.2278577508029279,1.8286060850817067,-3.1406477750507427,3.1397953295614007,-0.44354578336602546,17.06040353456798,-187.99955177543296,187.4037966025437,126.39173627449375,80.39470405222932,1.376381029354653,466.28666234555806,0.0694302285909246,0.3953316953316953
WT,532608_LRDLC_snapshot-1000,8,-0.12345694266146454,1.8376947798198329,-3.140955990557765,3.139449792400944,0.11461683273667793,14.563209292334408,-188.3736439525651,188.30229882458443,126.12399789980824,75.49680290189224,0.6447975997867161,439.0719458049396,0.06806550665301944,0.5138680033416876
WT,532608_LRDLC_snapshot-1000,9,-0.10427724907946999,2.0161288903226264,-3.141456690213525,3.140469491110656,0.18471482054228552,11.726571837597414,-188.01916221959368,188.25459022641274,50.656151229710204,40.77743604829687,0.6818128520859832,346.12163563234583,0.03548277038553395,0.7376602564102565
WT,532608_LRDLC_snapshot-1000,10,0.22986667824087165,1.8734243036766272,-3.14139564795247,3.1413685853627578,-0.16736088403682156,14.273279229172651,-188.1259976997098,187.92360082408408,42.72751490181862,32.29050184024693,0.18301795041589375,260.1267212021207,0.05015353121801433,0.7630385487528345
WT,532608_LRDLC_snapshot-1000,11,-0.32033596376634954,1.9507815418195535,-3.140646967537718,3.1390261040577188,0.1941286541142967,10.239520590924597,-188.422027907651,188.39610254825106,57.63878635179473,51.62916731234514,0.0,378.86680820045257,0.04418287273967929,1.1280566280566282
WT,532608_LRDLC_snapshot-1000,12,0.24764625502818377,1.8493993974042737,-3.136089830278366,3.140410002905796,0.041854606082937944,13.322600496308235,-188.43283654131267,188.27862516989214,38.54928181452194,33.8695577236372,0.20351244201172974,326.69241142913967,0.023882633913340157,0.6630952380952381
WT,532608_LRDLC_snapshot-1000,13,0.2844233354878546,2.035667040529679,-3.13935877434618,3.1394805068918523,-0.38696386923032633,15.542799076589583,-188.21879465231387,187.97164372743325,54.06226651275102,48.23193704216967,0.9840355930260501,281.9625218864038,0.013817809621289662,0.7798353909465021
WT,532608_LRDLC_snapshot-1000,14,0.09044051346513417,0.9889257350495861,-2.5945760070368173,2.982693193251629,-0.9103932903363563,0.8014823347984343,-3.4795573262168,1.5156211937844244,94.87525281728912,66.16430551409093,3.1222045941095744,344.94618513752897,0.00511770726714432,0.49444444444444446
WT,532608_LRDLC_snapshot-1000,15,-0.1465689572046233,2.4402425910931136,-3.1401729229845166,3.141579137398136,0.4641896041108705,25.756024992220272,-188.05312759677253,188.43531231488,30.436848831309085,25.92919705625257,0.5025954750528735,232.22455561369432,0.013817809621289662,0.6226337448559671
WT,532608_LRDLC_snapshot-1000,16,-0.15839685707651693,1.7578729539098814,-3.1385811795588676,3.137978872303045,-0.024623818111968038,12.65068143346244,-188.34050300515221,188.28048837357773,99.5997735486913,70.33983876094607,1.408809281176796,372.37906598353743,0.012282497441146366,1.4310185185185185
WT,532608_LRDLC_snapshot-1000,17,-0.03944450498503805,1.8000256423575498,-3.1400264290535436,3.1406360248561462,-0.1436989449955418,12.681092756341942,-187.9790713366041,187.76940022060242,75.2233782163952,61.969252254539946,0.04814705644702309,330.8688796596282,0.01160013647219379,1.2877450980392158
WT,532608_LRDLC_snapshot-1000,18,0.1296630156574247,0.8090230909229232,-1.443998055617771,2.044663994355066,-0.2415458727890408,0.7619578101909372,-3.222480788609185,1.5076829172571555,167.34747515409836,76.31640014305113,1.9446821566782972,342.9193736829176,0.0020470829068577278,0.7
WT,532608_LRDLC_snapshot-1000,19,0.29263830699159377,2.3110252991205913,-3.137725450372319,3.1289208482828386,1.3411981712555638,16.21083765916065,-2.97091914833878,187.95580517539102,72.58341095651264,68.05358787366102,1.3051785575284824,295.227906761318,0.002388263391334016,0.3214285714285714
WT,532608_LRDLC_snapshot-1000,20,-0.36643645035848627,2.296735624269529,-3.1412954740869856,3.140632023765566,-0.14442431777678755,11.313749357837363,-188.23796412274314,188.42894846195207,22.830279894454815,12.4720366356294,0.3288743419181893,86.08182567818245,0.008870692596383487,1.9487179487179487
WT,532642_RDLC_snapshot-1000,0,-0.13823857068118317,1.7993158027740166,-3.1412065212343743,3.141308807844416,-0.036484803368960726,11.247217077249521,-188.3061691083537,188.3441581462544,79.31530312476046,71.99153141002805,0.7122090467038622,517.2243562743616,0.1309625577021713,0.43790252393385554
WT,532642_RDLC_snapshot-1000,1,0.2251530003453511,1.6784156114199034,-3.138366236360241,3.1414081251048525,0.026241437362570886,8.546385051089441,-188.1148475051172,188.29396450644052,50.168402589534,40.44999360922404,0.6016396776815597,350.6637777052445,0.09864934176782356,0.5038705950317736
WT,532642_RDLC_snapshot-1000,2,-0.04136595679607256,1.86684439615825,-3.1409461394894023,3.1395019170914336,-0.09314074317086173,10.346715139610854,-188.31702806302184,188.2899325918827,50.880396149537134,64.79242373071142,0.4235187220831364,432.10325461915903,0.1078816891776372,0.5574749075541469
WT,532642_RDLC_snapshot-1000,3,0.11475044614400172,1.963138153354294,-3.14093183675219,3.141312058988964,-0.1374960821882874,14.09399044822917,-188.42682814554567,188.4825140670465,195.65247660036488,86.99988059166901,2.0175025078507853,448.45942612782704,0.0752265344503334,0.7006818181818182
WT,532642_RDLC_snapshot-1000,4,-0.26992310799987185,1.7818348124548704,-3.1413994459181827,3.1393058976220902,-0.6683848725300566,13.900680594458818,-188.47618907773835,188.488574600492,60.92242379547697,41.628611999405116,0.5585342350009455,347.40477360332324,0.06719097281586596,0.3555555555555555
WT,532642_RDLC_snapshot-1000,5,0.11838041341938554,1.522971908775181,-3.1370455200570837,3.134428634604233,0.8469060503228041,12.590335436494067,-187.51290496100657,6.175821932810939,69.31791657444514,46.14746059098761,0.11952771849982816,336.64170605458264,0.0612070439391349,0.3303538175046555
WT,532642_RDLC_snapshot-1000,6,0.2390144745313201,1.901885924988988,-3.1414789303294914,3.141314912466699,0.01650320045403105,8.552689548580485,-188.42220124756253,188.4363854976881,24.550928956879517,25.14948906860807,0.31797573582370253,321.3317897292698,0.05300051290818943,1.0940860215053763
WT,532642_RDLC_snapshot-1000,7,0.1979152456817079,1.6377456074593775,-3.1401167632155493,3.141554809353432,0.3959757769193252,11.684399369795667,-188.27677689966106,187.61409756038708,136.37140874254985,83.58887031870172,1.408626116417144,429.92010138450405,0.06548127885108565,0.4717145343777197
WT,532642_RDLC_snapshot-1000,8,-0.7247981000819886,1.9009667248096287,-3.1400945464098715,3.1397316806011766,0.11909737293384606,14.706066711405908,-187.60374378170945,188.063885528152,144.13936337925875,85.09081021984993,0.9151692233171798,397.5463367277946,0.05436826808001368,0.44234800838574423
WT,532642_RDLC_snapshot-1000,9,0.2927704700686185,1.992264099717843,-3.139347692855867,3.1413140655063065,0.3075656161183837,13.658558402275121,-188.1263572680134,188.3021617447929,50.158822066412824,45.084625298655915,0.4524939839029769,362.8177563357061,0.041716532740639425,0.7229508196721312
WT,532642_RDLC_snapshot-1000,10,0.24478194338165907,1.7200205175632919,-3.1363794192853516,3.139355910771191,-0.04811061017874677,15.359163873163228,-188.36775087807544,5.062337093129079,47.352678959311724,37.643681069311775,0.21602471206197552,310.8305621899309,0.03778423662164473,0.5173453996983409
WT,532642_RDLC_snapshot-1000,11,0.057103461544823195,1.7566741758782907,-3.141395016109406,3.140164629480423,-0.06123209486599545,7.66472895719676,-188.17700478527928,188.2643892686872,58.748325298997706,55.36014404247977,1.0935174260886344,400.52754712753614,0.040177808172337154,0.9425531914893617
WT,532642_RDLC_snapshot-1000,12,0.42842082543290566,1.8895767361381024,-3.139520052374307,3.141367095359315,0.2930500089586731,14.675877647315449,-4.400901977335403,188.23425384742367,37.19773480232684,28.696735738627634,0.543290403953133,400.71033742812546,0.03214224653786972,0.7526595744680851
WT,532642_RDLC_snapshot-1000,13,0.4915275293184536,1.0258489743483699,-3.140905359371119,3.1319416242738543,0.05210855825567805,6.127798514873195,-188.24857314889394,188.05985511500938,66.4089441899353,68.6682635272157,0.37038575015867314,366.4440638631101,0.03128739955547957,0.8624772313296903
WT,532642_RDLC_snapshot-1000,14,0.5821567000361679,0.7723879550021737,-3.09667169097497,3.0567847716056544,-1.0494462747154532,0.8842177223661728,-4.568579337526208,1.5796099211283021,91.90277400279194,71.7858897494815,0.36796143719132257,392.1008512716002,0.02325183792101214,0.782843137254902
WT,532642_RDLC_snapshot-1000,15,0.21231119558927958,1.657849373542003,-3.1223200083816867,3.1408226397479644,0.3278698565927879,8.6509044850523,-23.720597202319837,187.65521551970647,29.503671272649527,17.493454999661353,0.0,178.1578614260091,0.014019490511198496,0.6040650406504064
WT,532642_RDLC_snapshot-1000,16,-0.675589338841648,1.896757387589162,-3.132643771186517,3.140446749299432,0.347274091411574,13.333591668950337,-4.280449890387352,187.8254800590457,95.86423350237538,78.84486999812987,1.3586737415573338,399.33336081834807,0.010087194392203796,1.33954802259887
WT,532642_RDLC_snapshot-1000,17,-0.32495975543795963,1.7870273220338249,-3.130543183823284,3.137379591182395,-0.19043384965368695,12.154080724142446,-188.0427345090552,4.68219498882455,103.00286215142653,84.74731160792574,0.37327420589263194,383.7634040814793,0.008890408616857583,1.8243589743589745
WT,532642_RDLC_snapshot-1000,18,0.3960947267417642,0.6738135408258615,-3.1199245991217426,3.1379439350143725,-0.49592603890689685,5.509396349950781,-187.65759728605266,1.6233597887418938,170.74291003872852,84.95868818136051,0.9038831294307469,412.61560278652377,0.008719439220379552,0.7686274509803922
WT,532642_RDLC_snapshot-1000,19,-0.16616700594390577,2.419775049871576,-3.1412065835153284,3.1415391160944703,-0.3952509056697224,14.535520926516888,-187.54194726186898,187.27215831545365,109.57604881369141,80.49472081727536,0.4236439432302778,313.2261164323234,0.005129081894340913,0.5522222222222222
WT,532642_RDLC_snapshot-1000,20,-0.1836752758288962,1.8700052921462624,-3.1369130661577014,3.1402225579212226,0.03482959005611805,7.8669068310014305,-188.4247976547451,188.29464500856136,22.2492957790107,11.784902595920911,0.4438017001316799,91.78885774726162,0.006838775859121217,2.8699999999999997
WT,554562_LDLC_snapshot-1000,0,-0.1785288787624809,1.8833769138946364,-3.138136616500467,3.141409592149479,-0.09309390395355993,11.84676842513502,-188.22529198182536,188.39533856954188,81.10989634689219,71.43401417124656,0.46023265005351655,479.84524412583966,0.11498796837401169,0.41434977578475335
WT,554562_LDLC_snapshot-1000,1,-0.19579285786270428,1.8354445673882354,-3.141445048019257,3.1412279784083386,0.10282611377822275,8.684138450961758,-188.18086009093685,188.3208244746134,57.857342303342065,52.00968752250122,0.5015701963627083,418.51730510577437,0.12701959436232382,0.5296797474064051
WT,554562_LDLC_snapshot-1000,2,-0.2784735778266308,1.942829518896107,-3.136704522151633,3.1415901075663473,-0.21785228244370286,7.789584544708579,-188.3508622442477,188.37634849632315,43.801774718898066,51.706277903988735,0.18853171860774504,416.52077764501155,0.08370574080440014,0.47816563997262146
WT,554562_LDLC_snapshot-1000,3,-0.3201004963511459,1.9959454898880744,-3.14058468363135,3.141500749322778,-0.2063674443837226,12.058109676029874,-188.30963756687703,188.31833223057876,193.38983860768136,96.21805406397768,0.9556567463316261,490.2945851539521,0.07339291852870403,0.6256830601092896
WT,554562_LDLC_snapshot-1000,4,-0.023052789460678992,1.9403488601404875,-3.141517019573382,3.1415901075663473,-0.09697757696653155,16.44649400935963,-5.928553352128745,187.77979546806745,70.24213055797543,47.97592369780031,1.3840684812749138,514.3010076436403,0.09556548642145067,0.40581534772182254
WT,554562_LDLC_snapshot-1000,5,-0.131646059399516,1.6348366634666716,-3.1395749235560713,3.1281455149279647,0.5854182004742637,14.152895756867254,-187.59802021942053,5.921250094527677,71.65367964046602,49.74180920431897,1.0358417121783488,332.4518474793764,0.06806462701959436,0.3564814814814815
WT,554562_LDLC_snapshot-1000,6,-0.5835836284773239,1.785218127382766,-3.137372180968945,3.1399205846690057,-0.013313913828449576,2.9763134345734916,-188.0167523572917,188.30963616357099,22.43336865365345,19.091053471220608,0.2115983075769341,294.01999752667484,0.059126847713991064,1.1665697674418605
WT,554562_LDLC_snapshot-1000,7,-0.11937122484335524,1.8741111027837998,-3.1412643942304586,3.1403527541261913,-0.0895562584544366,15.175963730701758,-188.31617893204867,188.3736522046301,153.0572113996816,95.48268658158352,1.7925631864178557,489.9738430965072,0.0620488140254383,0.46583564173591874
WT,554562_LDLC_snapshot-1000,8,-0.22960952656722974,1.9629123454456037,-3.141417950445294,3.1387933083146766,-0.0018127947208574522,14.233838124226018,-188.39887262953704,188.2973730541482,170.04912661521698,98.28935770592363,0.5437675775013271,517.4892138995694,0.06393949810931591,0.4993727598566308
WT,554562_LDLC_snapshot-1000,9,-0.4773124776122553,2.079948961439971,-3.141239661471232,3.140668693184347,0.05480873400097119,13.502518797090662,-188.3864572126106,188.35559364345517,56.811519651319585,49.1746255756212,0.5067044007268271,643.832478727086,0.05723616363011344,0.8523523523523523
WT,554562_LDLC_snapshot-1000,10,0.10606594029538864,1.673127354903369,-3.133586131632935,3.134307504263999,0.30185035757269996,8.938888805518491,-187.90724582767297,4.6988140124890165,42.77615601685451,40.98001060930452,0.3489924491600428,387.0720757454396,0.027157098659333103,0.5588607594936709
WT,554562_LDLC_snapshot-1000,11,-0.3048510375793055,1.6974100842445592,-3.1405992914475362,3.1376876630474744,-0.06704208220389864,6.9990334780375925,-188.29341104318237,188.19869693680926,58.59469323256722,58.78055680041969,0.662657283331252,429.10098458828935,0.033344792024750776,0.8716494845360825
WT,554562_LDLC_snapshot-1000,12,-0.1010476365856076,1.938252882333039,-3.139862815749917,3.1403387727406367,0.3043133544474876,13.046818755486653,-3.93016255286732,188.27666280710406,36.253529819002175,30.484810055324242,0.0,361.42233519985155,0.025438294946717083,0.6056306306306306
WT,554562_LDLC_snapshot-1000,13,0.4967351908538815,1.4072315770918775,-3.1307214880859715,3.1238952999487495,0.028480978465553555,4.936792163670093,-188.12067460074653,2.2537229510883994,74.03319353347487,74.0258792961686,1.2972414084652633,420.75569719652674,0.013578549329666552,0.6236286919831223
WT,554562_LDLC_snapshot-1000,14,0.04199745650085197,1.0197474259480213,-1.9580000893371716,3.078833618978796,-1.010073335741334,1.1148766194890465,-5.249167107447715,2.4059876708478023,103.83692238525394,73.92580516245793,2.0337724289743684,361.99204222811,0.0089377793056033,0.5019230769230769
WT,554562_LDLC_snapshot-1000,15,-0.3994807710867082,2.109713418480276,-3.1339334419460254,3.1353161010152184,-0.11101853142950124,14.568118247088604,-188.11981376973253,188.15007774166457,33.81474856551923,25.064824106091024,0.8366048251347826,279.0390077414734,0.009969061533172912,0.7626436781609196
WT,554562_LDLC_snapshot-1000,16,-0.4264918279125504,2.2462725602933276,-3.140538146507481,3.1408570742788853,0.5553724822579289,16.494565527020757,-188.28945892735393,188.29438561071038,106.19078240164451,86.35292134242775,0.3891798079293925,585.5577482641067,0.010140941904434514,1.6067796610169494
WT,554562_LDLC_snapshot-1000,17,0.2663964186748864,2.0399794487885843,-3.130753270168374,3.141050516483425,0.34727865976156397,15.209910484057815,-188.1920075405226,188.22773792188934,101.22740833456078,86.7906914517742,0.567923761852304,481.8636265752638,0.005843932622894466,1.0509803921568628
WT,554562_LDLC_snapshot-1000,18,0.10043441874559132,0.6187705065267788,-2.4647186795792746,1.6504807784735696,-0.4237476591730868,0.8310227787785102,-4.294493034052457,2.6185106494869173,202.01236138373125,93.94711227579569,2.8932685795880198,460.5039064079745,0.020110003437607424,1.048148148148148
WT,554562_LDLC_snapshot-1000,19,-0.03529785044309083,2.525193893703257,-3.139864236805968,3.1410397799355527,-0.3049125146071649,17.470640253504662,-188.12265878034583,187.60846808549283,82.54159288241634,65.78645908482045,0.893179321486905,358.99874102200175,0.005156411137848058,0.7688888888888888
WT,554562_LDLC_snapshot-1000,20,-0.5205396508531077,1.9867206573763887,-3.131132861030407,3.1407694461501463,-0.011491257044988141,8.999969907266788,-188.3035685262752,188.34169293823686,22.16009577941403,11.601590229064142,0.8907120935348481,72.65978064124627,0.004125128910278446,2.4347222222222222
WT,554562_LRDLC_snapshot-1000,0,-0.0018795929286314992,1.71898029188443,-3.1412552359512627,3.1412964743075817,-0.14310846080975065,11.579597778962441,-188.062596773809,188.0713285041691,68.57672358689861,64.67366774321383,0.5231637421025646,486.8349801569903,0.09939709956004562,0.3882513661202186
WT,554562_LRDLC_snapshot-1000,1,0.22270487711512427,1.552824827956534,-3.1412050556685194,3.1393510098351167,0.06353799276191158,8.548889253477022,-187.86240952917976,188.17694857613355,63.43708462037644,62.48266335808452,0.574508038380223,421.01895820391087,0.10705556460811472,0.4410958904109589
WT,554562_LRDLC_snapshot-1000,2,-0.08194136936690505,1.6707719925808453,-3.1344471165123253,3.1349438203211033,0.0029814270433387315,5.102580378932016,-187.7918345672618,188.14003917331155,37.47113074971882,46.12203013525308,0.6570533134140666,405.20067196051343,0.07642170441583836,0.4842928216062544
WT,554562_LRDLC_snapshot-1000,3,0.154111106832375,1.8215078742702473,-3.141385846343397,3.141183964951243,-0.11730258000039197,9.318646580322515,-188.1000309708267,188.1191835212128,213.1552729589264,97.60034549045882,1.4448403651473694,511.54016787459346,0.0669708326543914,0.5622871046228711
WT,554562_LRDLC_snapshot-1000,4,-0.27593306638078235,1.9004620966279155,-3.141392574985908,3.1406087003208456,0.4278966088765111,19.7611340373777,-188.41612485975273,188.3791997675634,67.15629769031682,50.18433220130741,0.0,514.4783665308994,0.07723643474010103,0.36554149085794657
WT,554562_LRDLC_snapshot-1000,5,0.09916821714888274,1.6102305718806158,-3.136001500823832,3.140112791669514,0.6648312559527603,13.951772930301948,-187.75520962730798,187.59479177563455,65.66536564521958,45.98530308770734,0.878286149184547,365.95548276373927,0.09841942317093043,0.36970198675496685
WT,554562_LRDLC_snapshot-1000,6,0.3318441271237657,1.724836755351972,-3.1379716434022997,3.133353286652548,-0.02149935099466355,4.656078335093812,-187.91951678082745,188.30309632792134,23.782212737429063,27.489390544605712,0.275917923272782,369.396165465542,0.031285644451686495,1.1340277777777779
WT,554562_LRDLC_snapshot-1000,7,0.10287525353742359,1.8359470928176602,-3.141473331421771,3.139833284942741,-0.2141896724408651,15.444631167162179,-188.09086075030797,188.35738842459685,156.16779377195013,91.10348890388161,1.7960930135349487,445.7467837406029,0.06925207756232687,0.36980392156862746
WT,554562_LRDLC_snapshot-1000,8,0.06389367318137916,1.7622667644810992,-3.1373310880204497,3.1378852521750065,0.03780916578864635,14.446737651360241,-188.08173271495372,188.07255251405616,170.6014540449653,97.15223425311501,1.9739258352458198,536.1153126752993,0.055401662049861494,0.41294117647058826
WT,554562_LRDLC_snapshot-1000,9,-0.36299295588425334,1.9522146005103516,-3.1415347227186774,3.140682742963412,-0.1102655424599602,11.667439238314518,-188.2522295320968,188.34990284819693,57.63313245671961,56.85347367550756,0.28771903749872146,379.1906663759207,0.10184129053283363,0.8966933333333333
WT,554562_LRDLC_snapshot-1000,10,0.31597411961704136,1.6696661971482682,-3.1267615922354985,3.1215486230328775,0.3643695876919494,10.71102381777461,-187.50648486560817,187.65970048133332,40.0800483890785,31.918215580377648,0.8430481160655477,284.78651798068995,0.022975395144207267,0.5094562647754137
WT,554562_LRDLC_snapshot-1000,11,-0.28023923149660895,1.7928089514002803,-3.1320216288530847,3.1378139167256034,0.2536522963055602,12.068422964871596,-187.54402903069484,187.80893810836474,83.43112883278374,80.73818439598702,0.1267635884991156,417.9108232143143,0.013361577317907773,0.6878048780487804
WT,554562_LRDLC_snapshot-1000,12,-0.0023172940928813304,1.7922132924195868,-3.0875512497562636,3.1326644378747814,-0.4864490193115681,6.150884132190902,-4.157540661013934,187.30727519491052,33.12324585344638,22.907090294368416,0.454755518583964,175.64338633021535,0.013198631253055239,0.7769547325102881
WT,554562_LRDLC_snapshot-1000,13,0.6484292251989879,1.406101695633416,-3.1070733641473076,3.0692664279617783,-1.0234653751594365,13.013793995647081,-187.46791648976875,1.723791517659512,115.52348077978367,94.87874967313279,4.759586301789438,370.302624838369,0.0029330291673456085,0.3851851851851852
WT,554562_LRDLC_snapshot-1000,14,0.7243957310860377,1.4412089015633494,-3.1343936352171493,2.9784540020522887,-0.05167177018532043,16.10426021935247,-3.0863993502692,186.88341523948816,84.82293089339004,62.46794937267977,8.755302129445553,324.1566684037544,0.002444190972788007,0.3044444444444444
WT,554562_LRDLC_snapshot-1000,15,-0.17112111672983454,2.0287629574708252,-3.1404500842973033,3.138330819892851,0.09636030922074688,15.10384996916045,-188.07380143394272,188.23509926223738,34.127662549763066,26.074932990593396,0.4985322098217996,584.5681148529825,0.037477594916082775,0.6214492753623188
WT,554562_LRDLC_snapshot-1000,16,-0.31100583617442207,1.6275060241563173,-3.139616532251206,3.1400350192403246,-0.158599072523645,10.273156390149909,-188.03627072143945,188.1309696611594,106.25357278939967,76.52046998161774,0.8940578049842423,487.1758165210309,0.015153984031285645,1.9218637992831542
WT,554562_LRDLC_snapshot-1000,17,0.46523178378776586,1.7384129896222318,-3.1342075704647607,3.1374572538215237,-0.19217796838756,11.444161070597639,-187.74214074703738,187.34232618635588,94.14700365699106,76.20119870618863,1.2712653254297799,481.30538567723164,0.009124979631741893,1.281547619047619
WT,554562_LRDLC_snapshot-1000,18,0.2860284696594687,0.3360823879451345,-2.595551517628447,1.3968866792324346,-0.525419947350186,0.7538657965405031,-2.7417253416616614,1.1685596540775913,159.1202218093222,79.24533679503149,1.4384173076240572,413.9025747705687,0.0035848134267557437,0.7409090909090909
WT,554562_LRDLC_snapshot-1000,19,-0.12295796109921679,2.1122314797581847,-3.139072371358685,3.1402689217820465,0.1566513233360385,15.076008741673693,-188.23374944182208,188.33000974847403,95.39653566887785,82.67435558880703,1.0621684718501059,406.794290549363,0.024116017598175003,1.045045045045045
WT,554562_LRDLC_snapshot-1000,20,0.2421441166163029,2.0688907444005187,-3.1412141148205466,3.140348872345906,-0.05637143860279039,5.561258922732663,-188.3439682806325,188.39654870819794,21.724678332659863,11.69144892292777,0.24704206590367717,86.40445662891861,0.010917386345119766,2.8507462686567164
WT,A2A_554562_RDLC_snapshot-1000,0,0.038313796305441655,1.851923996486474,-3.1391126158895473,3.1402512277026347,-0.1865624077172165,11.513873486290318,-188.33774009008152,188.23787910136127,83.67047308752554,73.36932433449064,0.6205568196290264,507.4924440755893,0.13674601754071952,0.4294938917975567
WT,A2A_554562_RDLC_snapshot-1000,1,0.3483163995106233,1.6811094277791365,-3.1411432546641813,3.1396708156309963,0.055572766098511105,8.250155608280556,-188.34388585191903,188.36400713718396,59.43297609775988,47.78443102411609,0.22674527679350095,400.66091747798833,0.11741542867370681,0.6090447154471544
WT,A2A_554562_RDLC_snapshot-1000,2,0.2598964714319458,1.8064181494681266,-3.1413081087269283,3.138822909959784,0.02728271196600809,6.204824021144239,-188.18949778200388,188.32906587751472,42.91551434540226,52.378283720519,0.178958416368115,399.60940170655397,0.11276176839090746,0.5856613756613757
WT,A2A_554562_RDLC_snapshot-1000,3,-0.15503302221094856,1.8127863411237275,-3.1415392241877704,3.1401162844278643,-0.025169387734794865,10.552199381403463,-188.3437330849437,188.42406446741148,203.63852612702078,97.61580908349512,1.9147902046059804,537.456048431392,0.07159477358152855,0.7146666666666667
WT,A2A_554562_RDLC_snapshot-1000,4,0.20214046517566603,1.825974180828195,-3.141251901191972,3.140964715010265,-0.10891193462439609,19.764403545259352,-187.49756921727536,187.62676014431025,94.4642359807839,62.11024258070035,0.5361221954314944,318.1088024729581,0.08233398961875783,0.3073913043478261
WT,A2A_554562_RDLC_snapshot-1000,5,-0.20291701900262307,1.7085520140646597,-3.1372702777701122,3.138400123003504,-0.5878044033801915,21.531359896185997,-187.8699270604932,186.01743108239478,82.53234337021651,61.61787847740709,0.6287325676392267,376.06175222420967,0.06515124395919097,0.32783882783882784
WT,A2A_554562_RDLC_snapshot-1000,6,0.35874409930463314,1.860041379018117,-3.141108785286143,3.1410519364422327,-0.017491563948494146,3.4713617315571805,-188.33439571528677,187.47588607537656,21.929805782250003,18.856521133461175,0.2668325757194918,488.4006751173781,0.052443171648469664,1.3401592718998863
WT,A2A_554562_RDLC_snapshot-1000,7,-0.029705753517599656,1.5746234817904485,-3.1364040368699606,3.134789576682689,0.6136525474999975,11.18521343191554,-187.82284376540926,188.16487894984738,164.84649362894473,94.61241650109511,1.7239010740724405,553.2053086466133,0.05852872740289959,0.491131498470948
WT,A2A_554562_RDLC_snapshot-1000,8,-0.11304932638975812,1.9020892411275916,-3.14133653837974,3.139661850996522,0.1477159111043672,16.80469642994478,-188.3060034287484,188.29144987959788,148.78169380952616,81.98395954181785,0.513669754535071,482.35588776098297,0.07105781277966708,0.4827875734676742
WT,A2A_554562_RDLC_snapshot-1000,9,-0.012298512306638936,2.013698215261981,-3.1400863895978115,3.1410142404780768,0.13056282375136188,10.502699115699155,-188.12550385213606,188.26892891086766,61.14808380203398,49.15796698251269,0.18286892998186127,392.68575140386514,0.051548236978700555,0.669212962962963
WT,A2A_554562_RDLC_snapshot-1000,10,-0.04023595892930537,1.6782538754647482,-3.140510506118283,3.131942561505258,0.2153621619521569,11.588750687117036,-188.26812794236744,188.30449383043296,45.14142490705412,43.8051935798699,0.35882705508533097,450.538616028147,0.027206013960980848,0.574780701754386
WT,A2A_554562_RDLC_snapshot-1000,11,0.3380045530720277,1.9952723214683425,-3.139747749135258,3.1415846817038173,-0.0006910710470889141,8.668007431062373,-187.84385727131968,188.16177843455094,68.36050957436687,60.16173981686336,0.5083954244767305,345.5461387686184,0.0234472883479506,0.8379134860050891
WT,A2A_554562_RDLC_snapshot-1000,12,0.2710358472700361,1.8390879005147194,-3.1327634943138403,3.1399049092920452,0.2014881893147821,15.177249543826054,-187.18751017710727,187.33618929687364,42.03333043143771,33.8442489362271,0.5884282280461784,288.80042290930703,0.014676928584213352,0.49593495934959353
WT,A2A_554562_RDLC_snapshot-1000,13,0.3108589748449292,1.178715264264942,-3.1265123056462563,2.9533595026136537,0.10535746685404629,0.8348657950433472,-3.5673488390902084,2.612016441363756,72.39559346631297,58.91111537206764,1.911198065384502,398.74128930096583,0.008054412027921962,0.6614814814814814
WT,A2A_554562_RDLC_snapshot-1000,14,0.12329485065344888,1.0555450152410082,-2.7185336852771838,3.0783871681889305,-1.0993885487410762,1.3241296962187297,-5.100860988883293,2.3713023270772067,99.46766020747573,59.82102940467309,1.848554729722593,263.12239888320096,0.0032217648111687847,0.5648148148148148
WT,A2A_554562_RDLC_snapshot-1000,15,-0.10957866299216547,1.4601496449235927,-3.138956635630348,3.1400314992478298,0.044287263481912295,7.014790622226186,-8.920558511031466,188.27182117157895,40.25665613167817,31.615995307478066,0.49264101909908126,235.14783345719795,0.01449794165025953,0.36131687242798355
WT,A2A_554562_RDLC_snapshot-1000,16,-0.03604448409734292,2.341901255788226,-3.141176350789061,3.14075034564477,0.47199920895079206,17.721350575922298,-188.21600286088562,188.19320068018231,105.91122348379339,80.98765847313173,1.561909072168883,429.34716317156756,0.009844281367460175,1.4272727272727272
WT,A2A_554562_RDLC_snapshot-1000,17,0.22484092162844774,1.679113726773845,-3.1410122264658136,3.1405553226153975,0.015114759357484254,11.146133159355411,-188.04226408805417,188.37586198173494,88.0737650783808,74.46193562603786,0.1772100669707819,439.2112513701582,0.013960980848398067,2.3115384615384613
WT,A2A_554562_RDLC_snapshot-1000,18,0.12753193826566325,0.29125657178470504,-0.8549694281258018,1.0339487676105705,-0.47041129016929284,0.9071791366970773,-5.79551097950178,1.9650398284309682,180.70435063068763,83.19407430799123,0.0,439.6192941006867,0.013781993914444245,1.1463203463203464
WT,A2A_554562_RDLC_snapshot-1000,19,0.32933389030746646,2.053545319316758,-3.1170024040482294,3.12695199673462,0.04275826501666395,7.905329517306389,-186.24657481013077,187.49524095073534,103.28634605117988,74.29552106365549,1.9635009293118453,366.5699634872062,0.012529085376767496,0.8057142857142857
WT,A2A_554562_RDLC_snapshot-1000,20,-0.17444845314695162,1.8147109847034106,-3.118835520188015,2.640966521925427,-0.0803205016750611,4.724708048935047,-187.29218481468143,3.3753632177870667,21.79504041893388,11.931085620261547,0.627508800953501,85.98938486113003,0.004295686414891713,2.1930555555555555
iMSN KO,532608_RDLC_snapshot-1000,0,-0.10840337503083403,1.7422514714453503,-3.141556313734523,3.136015850959587,0.06521377636264178,8.596671428942756,-188.19499046376265,188.20400130691198,57.27347463445912,54.95041429833764,0.4167769255072767,502.3680580654477,0.12707488011803764,0.3239477503628447
iMSN KO,532608_RDLC_snapshot-1000,1,0.0575101086563559,1.6571517606044595,-3.1409730005050083,3.1401566619366146,0.028621310867785285,8.12876790794002,-188.05671052019522,188.11819606255645,43.093808261766426,34.821436108638686,0.15493261684392126,361.03416564423105,0.1217263002582073,0.4331818181818182
iMSN KO,532608_RDLC_snapshot-1000,2,0.010017682564369346,1.6432185508869048,-3.139681539627919,3.1415625248197245,-0.004407685120021583,7.80988736467753,-188.39962156928192,188.34953469386303,33.70582209451862,38.28549170964649,0.020456251347341477,469.7905637891765,0.13187015861305793,0.6485314685314685
iMSN KO,532608_RDLC_snapshot-1000,3,-0.03773274411272593,1.8866439677589921,-3.140409241235647,3.1409298169160897,0.16784131925066262,11.34085726725533,-188.1913921158138,188.4616213277468,154.76302280801306,97.49089900928486,1.077819277650952,973.761881875753,0.05090372556252305,0.6306763285024155
iMSN KO,532608_RDLC_snapshot-1000,4,-0.11204533823848657,1.8582950881199407,-3.1406923215871867,3.1357400824764707,-0.4269161910308304,12.288110975499484,-187.0548783468833,187.51157080424068,51.64434616503647,36.006958724129035,1.7639396572471617,311.20667153360324,0.05145702692733309,0.33416965352449224
iMSN KO,532608_RDLC_snapshot-1000,5,-0.0018118063173345159,1.6492781979272277,-3.1386896360112537,3.122532441247236,0.3913049680512663,12.19710664336949,-187.70801810046547,4.490368054919573,52.499129413646436,35.85403969174939,0.18556305339987578,304.1910519869429,0.06584286241239395,0.353688141923436
iMSN KO,532608_RDLC_snapshot-1000,6,-0.1665051568224497,1.7913863560426684,-3.1408358300285,3.14082777328614,8.451502234533775e-05,5.252373661532531,-188.4678043519441,188.44445643064262,22.8030119162542,23.95142128700348,0.15886591607254635,489.1549834168912,0.1066027296200664,1.1860438292964244
iMSN KO,532608_RDLC_snapshot-1000,7,-0.07743101902267162,1.8336490071506932,-3.14110673270322,3.1372391067871384,-0.3281508859011131,14.126248670407897,-188.10834793797196,3.9138330978510205,105.58462791393504,71.74611410853235,0.5545783055620233,458.5309434215681,0.05311693102176319,0.3880787037037037
iMSN KO,532608_RDLC_snapshot-1000,8,-0.14670002181585245,1.8684730014904596,-3.137718525116426,3.1411725275177664,0.07399569547383132,13.040998350146287,-187.84323907260512,188.35453847929716,107.26118966402478,74.54193005697465,0.554726291200335,474.3808205409509,0.03854666174843231,0.4309409888357257
iMSN KO,532608_RDLC_snapshot-1000,9,-0.03002098837528451,1.836044797842373,-3.134581551336913,3.1250944219518786,-0.11457300133296199,7.229151792296468,-187.7058265443586,187.7337315815863,43.870505960406746,32.24180663332292,0.7404916696317255,340.5713443703598,0.03282921431206197,0.8863295880149812
iMSN KO,532608_RDLC_snapshot-1000,10,0.03708737141125137,1.5925944163635988,-3.140829113205098,3.1405254737889874,0.04761113388321577,10.402212774012872,-188.10348738374262,4.65761738992613,33.88680554767386,27.258312861337355,0.3900145011443962,422.59191792798316,0.059756547399483585,0.8022633744855967
iMSN KO,532608_RDLC_snapshot-1000,11,-0.22918470780143446,1.7116660235365702,-3.137142434303291,3.140790093354662,0.02873057395954595,5.268431842287718,-187.42383014939327,188.39926781126817,53.016995992842595,48.23918216948377,0.0,390.62268362079845,0.03909996311324235,1.0110062893081762
iMSN KO,532608_RDLC_snapshot-1000,12,-0.3594208771180335,1.8571010584160663,-3.140616343547555,3.1395754586531672,-0.10811067365037982,9.247595722584068,-186.2791919345235,188.4396607026688,31.884372658196867,25.936499868277696,0.15292854592052393,303.12278235995933,0.0400221320545924,0.8883256528417819
iMSN KO,532608_RDLC_snapshot-1000,13,-0.3248269218500941,1.544308085888162,-3.1354264973398576,3.1413996891213407,0.16361855113648094,13.864987793558821,-187.23950663158695,188.29177368456817,49.20936193010442,49.19898907328364,1.3633008913864655,396.33376068021994,0.00866838804869052,0.5198581560283688
iMSN KO,532608_RDLC_snapshot-1000,14,0.5370670285725457,1.2069823740043693,-2.65559577540259,2.1852881640120323,-0.9519930615957685,1.2056960056069166,-2.693229112327683,2.1989344986886827,61.379209421301205,37.094573744696376,5.856611178943193,167.59412659098626,0.002028771670970122,0.23636363636363636
iMSN KO,532608_RDLC_snapshot-1000,15,-0.43365387141823536,1.7315362433850983,-3.103718801579479,3.1264301249050948,0.26513086826312326,8.744320224346046,-129.83333463886527,187.39055002805742,29.697078489621738,22.95641541261338,1.0637729756479584,369.23130193298516,0.010881593507930653,0.5514124293785311
iMSN KO,532608_RDLC_snapshot-1000,16,-0.4675405853086068,1.7862798571925496,-3.140241613647506,3.1402162082469127,0.045214840570479885,13.41615972055944,-188.25398358765074,188.297085574547,88.52359167507586,67.09147377560394,0.13282414386265864,436.9860983662302,0.014570269273330874,1.570886075949367
iMSN KO,532608_RDLC_snapshot-1000,17,-0.00848630290250687,1.7655312906582863,-3.1409352162674593,3.138307039815171,-0.15960918968439136,11.51623851909482,-188.07691093535794,187.77577269707382,81.62857596560914,69.23633231663314,1.209390930707151,482.1643155675737,0.01383253412025083,1.7724444444444445
iMSN KO,532608_RDLC_snapshot-1000,18,1.3020761076282128,0.4722144815679124,-2.4731020448618892,1.9034995205765879,-0.3653619277570033,0.6783299905508686,-2.739414221721721,0.9523922003252716,140.93532434413046,60.16155757155266,16.411548150777907,318.8368000883954,0.0022132054592401327,0.5888888888888889
iMSN KO,532608_RDLC_snapshot-1000,19,-0.17149118776594405,2.1818175455154267,-3.1345806528034665,3.1305333726269113,-0.1730265987292227,5.74649213405745,-187.65487292624312,3.7032596916038463,77.20627943376759,64.80470859437682,1.5804169888929855,353.0369768918529,0.007192917742530431,0.9213675213675214
iMSN KO,532608_RDLC_snapshot-1000,20,-0.3944985012605285,1.4840630999655133,-3.103614119959381,3.1078101298100136,0.1328777646545358,4.856921120782716,-2.6287081470215057,186.12756925385753,22.062771195163123,11.735708459001788,0.14838107047327145,73.05005084372266,0.0038731095536702325,2.342857142857143
iMSN KO,532642_LDLC_snapshot-1000,0,-0.005060738461064437,2.0785611855118096,-3.140267322762262,3.1405978363498064,0.10328235751243202,15.688313837908057,-188.37331972999533,188.27985007410066,69.41263039673518,57.67752936947968,1.4411509691917768,363.3945030866506,0.09057893612475967,0.32610062893081765
iMSN KO,532642_LDLC_snapshot-1000,1,-0.03391822181213089,2.190102709373624,-3.1409869768699235,3.1405813319827374,0.04641223031096612,14.457451124868363,-188.2101844932971,188.28653922806654,59.71092171851045,51.53356532650518,0.4309505652292264,355.281572449283,0.06707968382824182,0.5349256900212314
iMSN KO,532642_LDLC_snapshot-1000,2,0.23551750837058175,2.076327898983315,-3.1394862728771598,3.1401144746879543,0.0824780698275084,9.7417839822677,-188.18951175678768,188.12561673369635,50.704439940134016,53.77169634377306,0.13711014698475285,344.20134315909155,0.07882930997650074,0.6042457091237579
iMSN KO,532642_LDLC_snapshot-1000,3,-0.14545645985881359,2.146609775510596,-3.140989105218363,3.1414167975179064,0.19618742289331614,13.195588629056038,-188.28316756466708,188.39873733997484,161.34363999418088,80.12096718114455,0.7781822562090994,400.48319084057437,0.05789361247596667,0.5982779827798278
iMSN KO,532642_LDLC_snapshot-1000,4,-0.5822229168574823,2.0325464657122203,-3.1337615174398503,3.1414136228034346,0.9421634851934939,24.06747945594716,-7.782035955371173,187.8959712719862,78.07256007874689,48.48678178817138,0.6400967513662581,302.6267784308973,0.03866695150608844,0.24383057090239413
iMSN KO,532642_LDLC_snapshot-1000,5,0.11379577129718739,1.851512984960499,-3.140669523960254,3.1292470935526975,-0.2558793018352601,20.868755078126433,-186.3876773890964,7.728658140663771,77.97564868299554,47.872197815851955,2.1823064587916092,275.6478924922562,0.028199102755821406,0.20303030303030303
iMSN KO,532642_LDLC_snapshot-1000,6,0.36266912351420805,1.8269486821710073,-3.137742352586946,3.141271075779363,-0.006935508003383825,6.021026820212098,-188.41990470535126,188.3370922830859,37.79724721474758,50.97703168284557,0.0987690472122902,357.2361304233025,0.05191198461867123,1.072565157750343
iMSN KO,532642_LDLC_snapshot-1000,7,-0.3982130334156978,2.1932672732613456,-3.141245138982069,3.1402368864848986,-1.3568086105864394,22.186769806231734,-188.02118263440252,7.24843887391541,124.33665341035187,77.6373871339979,1.6689698906920738,405.491242471143,0.0510574663533433,0.36638772663877267
iMSN KO,532642_LDLC_snapshot-1000,8,-0.8683475988918921,1.9616661290622053,-3.1395933945191326,3.1312773651861816,-0.3035099657692869,16.440225357794887,-188.22997283217143,187.46839652087064,137.17269754871188,80.3416321488064,1.5724125221135554,418.90876334037614,0.03674428540910062,0.32771317829457364
iMSN KO,532642_LDLC_snapshot-1000,9,0.5175021216026175,2.247018137114933,-3.139785948935627,3.1402064593033456,0.013034030219790223,18.955845091815345,-187.83960010580398,187.67181344896156,60.70943813374842,61.55879609997436,1.2384651711940549,339.40467895306165,0.016022217474898525,0.739111111111111
iMSN KO,532642_LDLC_snapshot-1000,10,0.471184453858603,1.8627846127036412,-3.1400429491378037,3.138539936375541,-0.34897133060196567,16.962664746097854,-188.2027921366313,5.494902619525047,50.30105458946552,37.840675567308054,1.2123742823510384,336.5596557035571,0.05597094637897885,0.5096692111959288
iMSN KO,532642_LDLC_snapshot-1000,11,0.348154747989286,2.242091322587698,-3.1400031145814498,3.1415526530784486,-0.08910020891464471,14.820324515218743,-188.26265134241555,188.1807853321174,68.87853779106763,63.57064949835245,0.06354468814106522,414.614020955422,0.03033539841914121,1.055868544600939
iMSN KO,532642_LDLC_snapshot-1000,12,0.21399956239752513,1.9505589873703242,-3.138184553173988,3.140057822019191,0.17754574192480344,17.831670696917637,-188.44404928392964,188.36882336834185,49.2454284361516,38.84332597157219,0.3837185941323722,241.74003901963977,0.038239692373424485,0.5966480446927374
iMSN KO,532642_LDLC_snapshot-1000,13,0.6567868857559475,1.3858093673200647,-3.141372073994909,3.140012367760496,0.048033541230443295,6.845197346630848,-188.274476033675,188.30299764491025,59.944630509863856,59.023531753821885,0.3369759545674919,478.0605518951038,0.13010040589617602,1.203448275862069
iMSN KO,532642_LDLC_snapshot-1000,14,0.0008059812689831105,1.3966510492734607,-3.1407552108549557,3.1402541970117968,-0.5704352187059866,12.070702351938397,-188.11456685875063,188.3421512412611,108.32570695862368,77.54825524541103,0.9126656022469084,454.63680110255376,0.08160649433881649,0.7613438045375218
iMSN KO,532642_LDLC_snapshot-1000,15,0.21225766939847956,1.9596611147620917,-3.1376586731063556,3.1292536839977023,-0.08851654205299049,11.309900005457393,-184.92146254896076,186.25141452946067,36.57974775282653,26.771618055072285,0.0,197.6994270184573,0.014099551377910703,0.4257575757575758
iMSN KO,532642_LDLC_snapshot-1000,16,-0.7326201208122329,2.2921102230560506,-3.1411288608965675,3.141307760705465,1.1292764984409405,20.375021891097543,-187.07939367942902,188.17424685462836,104.7790215756269,66.16019707806524,3.642154374595383,411.4791455420074,0.008117923520615253,1.2596491228070177
iMSN KO,532642_LDLC_snapshot-1000,17,0.6000641590425695,2.2275651630977564,-3.140173371326753,3.1415065995551275,-0.6975956210622117,19.812314856945697,-188.3891450560267,187.55281568974297,89.88595032547197,63.22714438335898,1.6283794319222629,308.4723969427331,0.009186071352275156,1.3868217054263565
iMSN KO,532642_LDLC_snapshot-1000,18,-0.022648807044607738,0.6236457888390562,-1.3164620569222605,1.7483789175439033,-0.6500766557722631,1.228880512206936,-5.601237894345532,1.5452665452214076,172.5560422783712,81.80829693626596,10.561473685586654,394.2192571057559,0.002349925229651784,0.7909090909090909
iMSN KO,532642_LDLC_snapshot-1000,19,2.6843209044431435,0.156160191116111,2.4405762843541674,2.814790439810179,0.8221122361251266,0.4684824384416862,0.07578740146009899,1.3921617797449004,53.205021186616,17.576206215816512,28.31100508375053,77.86611497332744,0.0004272591326639607,0.2
iMSN KO,532642_LDLC_snapshot-1000,20,0.3706699407615006,1.9694072644041805,-3.135604450588182,3.127335037565508,-0.18661074292481034,9.555844673963586,-187.8160411648474,188.27672572742412,22.993959912895043,12.616761941103054,0.523536873671969,100.4769038967203,0.002990813928647725,2.769047619047619
iMSN KO,532642_LRDLC_snapshot-1000,0,-0.1918003065728193,1.819310802748975,-3.140265376539422,3.1408443495775495,-0.17582459586569918,13.417909216527304,-188.38304505817482,188.42700525195235,73.0789532538665,65.74355886218422,0.9438969896400556,367.43246457589663,0.11437378325762491,0.3139007092198582
iMSN KO,532642_LRDLC_snapshot-1000,1,0.112527294555285,1.9240313085206067,-3.141355193644461,3.1415698163826358,0.014895360739479575,13.320033599235542,-188.40628385331954,188.37406557633,65.30423693899988,58.51214479184946,0.24259985250393679,464.6789952539397,0.13384166125892277,0.5297373737373737
iMSN KO,532642_LRDLC_snapshot-1000,2,-0.14151097783341932,1.9051600392067283,-3.1408280153558437,3.1401817344574017,-0.09035418228650356,9.348420395561487,-188.11546083757355,188.33615383207584,56.63449350057753,69.61181810672937,0.6466092340509185,390.68060619308955,0.08176508760545101,0.5081349206349206
iMSN KO,532642_LRDLC_snapshot-1000,3,0.026063200574085166,1.8884398211949862,-3.14150124144646,3.140725524901266,-0.1727313784947753,12.33988643909036,-188.45469400977393,188.4454059306924,196.23978885912797,89.55299641350751,0.5501982280380774,421.534674456542,0.07608695652173914,0.6105188343994314
iMSN KO,532642_LRDLC_snapshot-1000,4,0.1611730878192795,2.002420761561969,-3.1371400374951026,3.1403232138328026,-0.005160250865912086,19.13434874420232,-7.405338867579514,188.08133070016297,76.29043170023459,53.61748239847181,1.2228876157358077,303.071363728002,0.06992212848799481,0.28924980665119876
iMSN KO,532642_LRDLC_snapshot-1000,5,0.13004513397066758,1.6305564653453775,-3.1404083107008853,3.1414917425085878,0.5323307880926818,15.489648163920693,-187.49623573969347,5.512678379099324,76.8416306529868,52.4738866319059,1.1234255362050274,365.62209767158834,0.07397793640493186,0.28859649122807013
iMSN KO,532642_LRDLC_snapshot-1000,6,-0.2267375005497236,1.8454410335118363,-3.13966360741739,3.1411061757479932,-0.010620556530961967,6.049177262599747,-188.43156427679904,188.44027873906828,30.66035269275351,44.539569623956396,0.42733230131027505,372.69351415913985,0.04493835171966256,0.9326113116726835
iMSN KO,532642_LRDLC_snapshot-1000,7,0.0059416613085275264,1.798551488563972,-3.1389613985614475,3.140453818536335,0.01860929745748464,15.52316622173044,-188.3428839129676,188.06071184630858,149.01086792586673,86.82928556297878,0.9420325729281088,410.24115451286457,0.08322517845554835,0.5033138401559454
iMSN KO,532642_LRDLC_snapshot-1000,8,-0.09210671357039872,2.142045724437257,-3.141415373834972,3.141556279838728,0.6301232169945458,20.794930713265927,-188.4564567206375,188.33689428753974,144.19980187890658,86.4942506840704,1.1027626772659858,485.5925439287462,0.058241401687216095,0.6245125348189415
iMSN KO,532642_LRDLC_snapshot-1000,9,0.5629619149861613,2.0634817208803975,-3.139254210698767,3.1404272961651287,0.42666497486504623,14.402582484819549,-187.82791834882343,188.00623789062968,58.13116824939996,53.399030905103565,0.532417586490286,399.0229693437906,0.04023361453601557,0.7048387096774194
iMSN KO,532642_LRDLC_snapshot-1000,10,0.042498768203323954,1.6951634766103876,-3.139430635433703,3.1410544411263355,0.16588408901581841,14.17502776792541,-187.9144159457143,187.9735123907721,49.79950409390828,38.04350986825242,0.2675992175592228,269.5739873559885,0.038124594419208305,0.47078014184397166
iMSN KO,532642_LRDLC_snapshot-1000,11,-0.4849398842861663,1.9288962575518642,-3.1414365851719532,3.1415757583616304,0.10931864098678949,12.339134956192161,-188.30997441009944,188.3127862758111,78.30544262071021,75.61991996396272,0.45282376711925876,584.5926148068068,0.05791693705386113,1.2105508870214754
iMSN KO,532642_LRDLC_snapshot-1000,12,0.15655147611781717,1.6726518209310057,-3.1333680850395256,3.1279038653532862,-0.4841919295209104,8.22493304738472,-5.315185570415535,187.39270939636515,42.70067490740805,39.671677857960226,0.9883444545107323,349.64642071007506,0.020603504218040233,0.547244094488189
iMSN KO,532642_LRDLC_snapshot-1000,13,0.3748201745919466,1.1074521315944517,-3.1340971389384316,3.1253649542714097,0.04904360758136766,5.48639425136815,-188.30319961689997,188.30298073926883,81.42178843878723,76.84619488118014,0.6129734265372326,434.90600916658957,0.03617780661907852,0.7094170403587444
iMSN KO,532642_LRDLC_snapshot-1000,14,0.1515959494842174,0.9578009509609868,-3.1351942664823818,3.1294169699481493,-1.2416955445532,6.352476290471737,-5.509343043492139,186.4734786097149,100.36971455370396,73.61821514785727,0.6579889792479301,402.48479169352345,0.02644386761842959,0.9132924335378323
iMSN KO,532642_LRDLC_snapshot-1000,15,-0.4616077313242138,1.9076380530045678,-3.133040474355296,3.116219281916642,0.32282443076102946,15.363397446730431,-187.8536903004966,187.13741624094436,46.00688925199328,62.09115008116277,0.0,571.8984873770687,0.0055158987670343934,0.4362745098039216
iMSN KO,532642_LRDLC_snapshot-1000,16,-0.5080110781995981,2.276290472479198,-3.1389511436401807,3.137253815742607,-0.7825225037503861,19.971472573130495,-188.4098741218999,188.43850664867577,118.3018283091714,79.91392258814162,1.0832007851471595,411.9887190737686,0.004218040233614536,1.1371794871794871
iMSN KO,532642_LRDLC_snapshot-1000,17,0.4535671261662695,1.8788074854329628,-3.141164305503908,3.1401711963632017,0.16663826965458353,12.962586805814382,-188.006724288143,188.29817959755485,105.54629901127987,84.07233333349402,0.7558609016643619,401.92282917694314,0.005840363400389357,1.1675925925925925
iMSN KO,532642_LRDLC_snapshot-1000,18,0.07843046266257715,0.6812933685624306,-2.8102653049559985,2.687258588405547,-0.5302025922501058,0.9830711775107258,-5.8137637824657595,2.145606095110594,195.70482389395286,87.27010450900663,0.4432095284334274,691.758520553887,0.010220635950681376,0.9
iMSN KO,532642_LRDLC_snapshot-1000,19,-0.37983613386885273,2.204294505295477,-3.111532341459662,3.1404864144452374,-2.861173851128242,24.042842012768016,-187.52765058964673,1.7696461431194077,82.67952108417443,52.980093808384076,7.611268935142023,240.20930919650164,0.0011356262167423752,0.29047619047619044
iMSN KO,532642_LRDLC_snapshot-1000,20,-0.17962647014740463,2.168136464459038,-2.580437752844303,2.981083121818214,0.022259344025814722,0.28275169324963517,-3.290263064194309,2.8000210641871224,21.63005273247959,11.940543345620423,0.2518571602444601,96.04737538960102,0.0025957170668397143,2.83125
iMSN KO,532642_RRDLC_snapshot-1000,0,-0.28829358029377405,1.9921443683129287,-3.140448963787489,3.141301395593422,0.13909771543375848,13.58836773387639,-188.43732310379826,188.38865504363446,58.8918705731088,52.37341477123849,0.40614721535658954,373.4436611315319,0.1258946595705634,0.3529640427599611
iMSN KO,532642_RRDLC_snapshot-1000,1,-0.37942634694284216,1.7763340502153278,-3.138822995589474,3.1405470731392793,-0.20690787517280884,9.138853011554538,-188.4422445851347,188.038500109704,41.64096551155958,36.10864255841585,0.2603412593620044,566.8448583193403,0.11066250688199669,0.4683803206191266
iMSN KO,532642_RRDLC_snapshot-1000,2,0.013431953489020829,1.9456298554664302,-3.1415710267724086,3.140983090202317,0.10411042663547392,11.530703420155131,-188.34959688228417,188.35798346096684,36.443925216152344,35.858806882402064,0.34885671638826304,307.15996514153954,0.12093962194898146,0.7660596863935255
iMSN KO,532642_RRDLC_snapshot-1000,3,-0.033896262397183435,1.9925604626113707,-3.141296675124852,3.1412471337693955,-0.3340909251160805,13.964364346662606,-188.3073599910502,188.38718117482574,141.49731296177745,77.4166914598318,0.19990419135290144,541.6190169612607,0.049917416039640304,0.8862745098039216
iMSN KO,532642_RRDLC_snapshot-1000,4,-0.22912786391698492,1.9772119690230352,-3.140781585697299,3.1350439474257312,0.6877756024913784,19.91526153923855,-5.2755363201190875,187.07830978466285,52.27275602902989,40.098774768973094,0.3629524071557003,317.70855849999276,0.034685263351073595,0.2324514991181658
iMSN KO,532642_RRDLC_snapshot-1000,5,-0.040724866882597396,1.5268126387288738,-3.1415042399762663,3.1389879538542433,1.0735896083190737,12.196442544646123,-187.41858846464154,187.9716897371044,55.42804159751844,37.22198072444463,2.3697451248448935,236.22102777811136,0.03395118370343182,0.2578378378378378
iMSN KO,532642_RRDLC_snapshot-1000,6,0.09713298435216743,1.7756728340996915,-3.1415280323229813,3.1415105809713166,-0.003520638473104565,6.428005677609507,-188.34698634097595,188.38077909081565,22.12846742130369,19.284375756557846,0.0377591380152988,397.10263666925044,0.11268122591301157,1.3483170466883823
iMSN KO,532642_RRDLC_snapshot-1000,7,-0.12661738915389656,1.8583124558140065,-3.1374930818137914,3.140798986431229,0.04931458402267124,14.739314810420717,-188.1812504538374,187.97222389537404,101.57592128179323,70.42140621836259,0.7897320446162791,365.33209270808595,0.04239309965131217,0.37402597402597404
iMSN KO,532642_RRDLC_snapshot-1000,8,-0.284862878253899,2.0568179127223836,-3.1388442041302254,3.1414309160669993,0.008674720728368146,14.136520857546722,-188.16058340588563,188.25433372174632,105.50848590068917,69.03545814845076,1.7311406399290652,340.98407262840755,0.030647825289043862,0.3179640718562874
iMSN KO,532642_RRDLC_snapshot-1000,9,-0.8897491486010743,1.9363951562207886,-3.1391411300218044,3.1374528887006345,0.18824252164178862,9.596398887650219,-2.756183324066377,187.74910522333224,41.986568516057176,35.853575551024754,1.5567575324480656,286.4701664662891,0.011561754450357864,0.6084656084656085
iMSN KO,532642_RRDLC_snapshot-1000,10,0.3030164203428236,1.7131511284163172,-3.141275889891235,3.140276873934348,0.14637999765237772,13.160353952409553,-187.95948827074452,188.12404617177035,38.77242776474119,31.06259340350934,0.07572355367202975,336.6622266218283,0.062396770049550375,0.6184313725490197
iMSN KO,532642_RRDLC_snapshot-1000,11,-0.5115649896921091,1.9858943514055918,-3.140288799033321,3.1413470749567898,-0.03187401361149121,10.528690332455687,-188.229746048331,188.31691569155228,47.49159392833081,42.304822325627995,0.16401450354505503,307.1045634239707,0.05230317489447605,1.2664327485380118
iMSN KO,532642_RRDLC_snapshot-1000,12,-0.08234900237427524,1.86035818348319,-3.1391202231560187,3.140741080073814,0.18837907382460695,14.13217065216584,-188.09727989586898,188.3928518474288,33.70041866376173,25.461955322528016,0.14446947757003364,283.1408896930641,0.061295650578087724,0.7910179640718563
iMSN KO,532642_RRDLC_snapshot-1000,13,0.2132481817350392,1.5660629046903973,-3.1415771758384783,3.1415515938820704,-0.09808201598647544,9.805690810739279,-188.15701389019046,188.25494115713383,53.66875173052259,51.60508333635694,0.8640476426499908,357.17659609255907,0.047164617360983666,1.0019455252918288
iMSN KO,532642_RRDLC_snapshot-1000,14,0.06828046285429513,1.4188518176318519,-3.1402102799004,3.122486450619896,-0.6102075016456653,8.134299978304517,-6.637178225050845,187.68813107338755,86.68951156094806,63.08076347442587,0.6491375722346038,366.9453241001709,0.03266654432005873,0.7067415730337079
iMSN KO,532642_RRDLC_snapshot-1000,15,-0.09253005223035943,1.976041274487425,-3.1348817371678623,3.1155384811323676,-0.4234631199597643,7.715591170843156,-186.9340186835368,10.03354871998118,32.49898567273562,27.526277313309116,0.0,365.1977194992513,0.008625435859790788,0.43617021276595747
iMSN KO,532642_RRDLC_snapshot-1000,16,0.7299460402164282,2.2510620501620586,-3.1365146358694425,3.138117038415584,0.7121121068120635,18.734543561612462,-187.89600998841118,187.22331583567,77.08489655198147,55.990993033184964,1.6562580669105882,275.7415981065762,0.004587997797761057,0.8
iMSN KO,532642_RRDLC_snapshot-1000,17,0.4822652028844548,2.0452412683339887,-3.1376026370064944,3.1322537695672965,-0.28791562986552166,16.704818136359645,-188.19332729508045,188.20373827786173,66.99867486034486,50.77780979223525,0.6242470945112442,262.2878567090185,0.005689117269223711,0.9505376344086022
iMSN KO,532642_RRDLC_snapshot-1000,18,-0.009555419621608456,0.8585630140397136,-2.476381104464939,2.0960983927984076,-0.270484133891314,0.6974376633660072,-3.0652336226589503,1.2987065482582123,150.96265791673375,73.89795970437291,5.0208352008222645,364.3048215968602,0.0055055973573132685,0.88
iMSN KO,532642_RRDLC_snapshot-1000,19,1.8443360611250792,0.08293570466463182,1.7282028860218186,1.923121737262601,-0.6919000745411001,0.16820950568147425,-0.8383236693152174,-0.3881333644191387,29.036517973058455,16.51329800365517,3.5088125542750013,51.79027276061852,0.00018351991191044228,0.23333333333333334
iMSN KO,532642_RRDLC_snapshot-1000,20,0.13523471891657474,2.027676843444274,-3.139780799856222,3.141071292076463,0.05289036727773678,6.6825590243368485,-188.45057975072865,188.43642355967918,22.22800538102119,12.046678197549305,0.4744309058484507,96.94214945281945,0.007157276564507249,2.7
iMSN KO,554457_RDLC_snapshot-1000,0,0.23350924072548823,1.9204605451196384,-3.1415834827677154,3.1406262066606243,0.06372436637727515,11.766887509260698,-188.328705653071,188.3861804375627,73.01420461336727,63.6522335690646,0.8167498079407577,750.3321137169778,0.13968458319922755,0.38168202764976955
iMSN KO,554457_RDLC_snapshot-1000,1,0.2719101850973851,1.8469464148738126,-3.1415394026287373,3.1412908319477277,-0.04935357790485332,10.57511592636202,-188.3848298339886,188.3923255199063,67.46131015172139,61.62533361811212,0.37403337112610624,397.0147146012099,0.1438686836176376,0.565697240865026
iMSN KO,554457_RDLC_snapshot-1000,2,0.27948886208683255,1.8684598761388536,-3.1415834827677154,3.1415548344201656,0.01856285362877944,8.340263508790898,-188.42828580367413,188.43798093829116,49.36081254638101,57.14955258890174,0.22852036114159044,377.66918839680216,0.1041197296427422,0.551468315301391
iMSN KO,554457_RDLC_snapshot-1000,3,0.37907571606598706,1.8660713153479238,-3.1414429610270194,3.1415274707806327,-0.2021517661640302,11.300718484659232,-188.4376285417501,188.37198018488357,192.06449895109182,90.1317967197394,1.6705065122815308,493.4388715888811,0.0700032185387834,0.6367049808429119
iMSN KO,554457_RDLC_snapshot-1000,4,0.15561467182777144,1.8355370695170854,-3.1400800062086303,3.141164009997711,-0.32595930845310894,15.898930229490823,-6.192628180610493,188.00402569261726,72.5367449765359,49.46123151692904,0.39759056868160225,320.11542699556225,0.07837141937560348,0.33394934976043805
iMSN KO,554457_RDLC_snapshot-1000,5,-0.18686385909229603,1.6870006865508198,-3.141396621058287,3.1353517546271643,0.194778122345082,17.74002830133389,-188.33396460444533,187.49757777729513,75.89180137337672,53.299681345224855,1.0826190672918903,378.8689424294919,0.06453170260701642,0.3227763923524522
iMSN KO,554457_RDLC_snapshot-1000,6,0.2689659239767526,1.8824469888064386,-3.141052752544998,3.1406181776505413,0.02617316986007469,5.747977100068609,-188.43871383433031,188.4692638641472,28.831654618337215,41.683605329718304,0.1917574961612691,375.7352955221505,0.05439330543933055,1.058284023668639
iMSN KO,554457_RDLC_snapshot-1000,7,-0.0953543889529371,1.6312606395125888,-3.141292277887631,3.1380488363923686,0.5386051918438675,11.389711276220048,-188.04032966809226,188.30512812904306,160.4508049175002,91.34765815915702,2.2219986173485413,495.6611155974526,0.057933698101062116,0.43074074074074076
iMSN KO,554457_RDLC_snapshot-1000,8,-0.031190090556631522,1.8340432934073847,-3.1398661823229026,3.14111468952777,-0.005674200187088204,14.154972695683208,-188.12126556927808,187.92991015016,147.69773892134262,84.50187322765844,1.989760803334752,501.5149935545307,0.068072095268748,0.44184397163120565
iMSN KO,554457_RDLC_snapshot-1000,9,-0.2097614060137516,2.0764087408588465,-3.1410537671517584,3.141297185856122,-0.05653628737195377,10.61766435029081,-188.3290000841343,188.32879111206603,56.098569285261725,50.154739578866966,0.2875315678251634,361.8733761846434,0.05632442870936595,0.8368571428571429
iMSN KO,554457_RDLC_snapshot-1000,10,0.17998742537832066,1.794147567820665,-3.1403357055105174,3.1389783915589833,-0.10409407987904848,14.673467885984437,-187.34762209227196,187.52104456973206,49.392386427078364,42.054743562091666,0.25358604794547096,313.16136093026887,0.029288702928870293,0.5065934065934066
iMSN KO,554457_RDLC_snapshot-1000,11,0.7322286083810564,1.774076887879476,-3.1325927022236266,3.1411345785203997,-0.00466650111411582,9.256685856601168,-188.22278600190091,188.21351243850253,73.44546861975454,73.8470389906807,0.6224061027176132,397.4858723637933,0.03588670743482459,0.7408071748878924
iMSN KO,554457_RDLC_snapshot-1000,12,0.016187576583463426,1.8911406963150126,-3.137732281408943,3.141245783864544,-0.08135025015803923,14.966686635155396,-188.4307412094785,188.45804238217576,39.566960255962684,33.98216112199744,0.6941834154981936,320.5102161332403,0.02236884454457676,0.6407673860911272
iMSN KO,554457_RDLC_snapshot-1000,13,0.33093883120573303,1.2079480419930921,-3.120028106389327,3.126883272225741,0.3004884214447883,11.95551942468706,-188.1135754011448,188.0527178171716,95.61941396297536,97.699001170113,1.8980275076546749,477.3083867238949,0.01013839716768587,0.5248677248677248
iMSN KO,554457_RDLC_snapshot-1000,14,0.5866896261441529,0.9626575788665068,-1.949592802478356,3.1285441978071993,-1.2052332627532973,6.255136289109509,-187.28402306337247,1.4516699320618478,113.4691816015108,83.51691236459057,1.996864719302161,366.1270455685638,0.007402639201802382,0.663768115942029
iMSN KO,554457_RDLC_snapshot-1000,15,0.00440352212732825,1.75259848905763,-3.13930069885491,3.137849704950517,0.3391265057717628,11.659636497386417,-10.3672735843146,187.68855711693138,40.22301124683181,30.419114745574458,0.0,266.7078159260277,0.004345027357579659,0.6481481481481481
iMSN KO,554457_RDLC_snapshot-1000,16,0.060307845715107465,2.1292943649641103,-3.1404710598124796,3.136593925294467,0.2761546420713018,13.797340354380157,-187.97423096437672,188.22942891173344,107.57637312598582,80.32644919052777,0.7046963717549295,422.82917089480486,0.013678789829417445,1.4533333333333334
iMSN KO,554457_RDLC_snapshot-1000,17,0.255447997502974,1.6921892218549974,-3.137141085821314,3.140696841359035,0.21454456592058327,9.249220162444695,-188.29719735198506,188.3366094810533,97.3078844210158,75.01195547119245,0.3088023525535466,409.62091279862943,0.013196009011908594,1.6841463414634146
iMSN KO,554457_RDLC_snapshot-1000,18,0.10176963462710088,0.385525109357434,-2.6244703452465754,1.1334152819041086,-0.5410505519992225,0.9734821313650605,-4.138824320879431,1.446105821413352,192.21395442724776,87.59244759224177,4.578037167350799,410.084194141446,0.0072417122626327645,0.6548148148148148
iMSN KO,554457_RDLC_snapshot-1000,19,-0.11690403202400802,2.3400664343226096,-3.119123326400116,3.124441963569915,0.7774811374068943,9.811970226926691,-1.3376023106905954,188.11042033165126,82.82556982657566,73.39660301777397,0.07255287143601234,356.4910284796022,0.003701319600901191,0.5333333333333333
iMSN KO,554457_RDLC_snapshot-1000,20,0.1405125195754392,2.0119567252000956,-3.1383948087860847,3.141568836566983,-0.12337983281414164,10.216108971169339,-188.45968355623847,188.40701282066578,22.984772923281536,14.821421240380284,0.380337991272642,150.0150168517413,0.0041841004184100415,2.1820512820512823
